reward/env_0,reward/env_1,reward/env_2,reward/env_3,reward/env_4,reward/env_5,reward/env_6,reward/env_7,reward/env_8,reward/env_9,reward/env_10,reward/env_11,reward/env_12,reward/env_13,reward/env_14,reward/env_15,train/explained_variance,train/value_loss,train/approx_kl,train/std,train/n_updates,train/policy_gradient_loss,train/entropy_loss,train/loss,train/clip_range,train/learning_rate,train/clip_fraction,eval/success_rate,time/total_timesteps,eval/mean_reward,eval/mean_ep_length
-103316.22336015763,,,,,,,,,,,,,,,,,,,,,,,,,,,,,,
,-102238.18934204782,,,,,,,,,,,,,,,,,,,,,,,,,,,,,
,,-99172.97892672887,,,,,,,,,,,,,,,,,,,,,,,,,,,,
,,,-98026.0749545789,,,,,,,,,,,,,,,,,,,,,,,,,,,
,,,,-95179.58002060655,,,,,,,,,,,,,,,,,,,,,,,,,,
,,,,,-99470.779758205,,,,,,,,,,,,,,,,,,,,,,,,,
,,,,,,-99899.06729513363,,,,,,,,,,,,,,,,,,,,,,,,
,,,,,,,-100614.93439749407,,,,,,,,,,,,,,,,,,,,,,,
,,,,,,,,-101400.47672526659,,,,,,,,,,,,,,,,,,,,,,
,,,,,,,,,-101092.59254561612,,,,,,,,,,,,,,,,,,,,,
,,,,,,,,,,-98252.04288207587,,,,,,,,,,,,,,,,,,,,
,,,,,,,,,,,-100639.01048773625,,,,,,,,,,,,,,,,,,,
,,,,,,,,,,,,-98870.14896921729,,,,,,,,,,,,,,,,,,
,,,,,,,,,,,,,-102986.0590399975,,,,,,,,,,,,,,,,,
,,,,,,,,,,,,,,-96291.0919582794,,,,,,,,,,,,,,,,
,,,,,,,,,,,,,,,-101034.83870839431,,,,,,,,,,,,,,,
,,,,,-93991.59633439533,,,,,,,,,,,,,,,,,,,,,,,,,
-98990.17078054757,,,,,,,,,,,,,,,,,,,,,,,,,,,,,,
,-100798.55278284264,,,,,,,,,,,,,,,,,,,,,,,,,,,,,
,,-102765.01270908226,,,,,,,,,,,,,,,,,,,,,,,,,,,,
,,,-103764.90550973237,,,,,,,,,,,,,,,,,,,,,,,,,,,
,,,,-100035.92163021522,,,,,,,,,,,,,,,,,,,,,,,,,,
,,,,,,-99735.75267120483,,,,,,,,,,,,,,,,,,,,,,,,
,,,,,,,-100412.15598497089,,,,,,,,,,,,,,,,,,,,,,,
,,,,,,,,-99256.35304660388,,,,,,,,,,,,,,,,,,,,,,
,,,,,,,,,-98681.0868589458,,,,,,,,,,,,,,,,,,,,,
,,,,,,,,,,-95777.78700933605,,,,,,,,,,,,,,,,,,,,
,,,,,,,,,,,-100120.01316497222,,,,,,,,,,,,,,,,,,,
,,,,,,,,,,,,-107185.4359710771,,,,,,,,,,,,,,,,,,
,,,,,,,,,,,,,-98892.85253286842,,,,,,,,,,,,,,,,,
,,,,,,,,,,,,,,-102597.81115741204,,,,,,,,,,,,,,,,
,,,,,,,,,,,,,,,-95956.2707029853,,,,,,,,,,,,,,,
,,,,,-102127.4839235177,,,,,,,,,,,,,,,,,,,,,,,,,
-98437.80294002421,,,,,,,,,,,,,,,,,,,,,,,,,,,,,,
,-99457.80778780182,,,,,,,,,,,,,,,,,,,,,,,,,,,,,
,,-101565.96739924341,,,,,,,,,,,,,,,,,,,,,,,,,,,,
,,,-100009.57124978791,,,,,,,,,,,,,,,,,,,,,,,,,,,
,,,,-95772.99299094322,,,,,,,,,,,,,,,,,,,,,,,,,,
,,,,,,-97483.39298126813,,,,,,,,,,,,,,,,,,,,,,,,
,,,,,,,-98134.97035327034,,,,,,,,,,,,,,,,,,,,,,,
,,,,,,,,-99632.10418214859,,,,,,,,,,,,,,,,,,,,,,
,,,,,,,,,-101266.7945550193,,,,,,,,,,,,,,,,,,,,,
,,,,,,,,,,-102798.45284756226,,,,,,,,,,,,,,,,,,,,
,,,,,,,,,,,-99676.07722757572,,,,,,,,,,,,,,,,,,,
,,,,,,,,,,,,-99864.60597881998,,,,,,,,,,,,,,,,,,
,,,,,,,,,,,,,-100305.52068085858,,,,,,,,,,,,,,,,,
,,,,,,,,,,,,,,-95601.8729099118,,,,,,,,,,,,,,,,
,,,,,,,,,,,,,,,-98709.85571419008,,,,,,,,,,,,,,,
,,,,,-95216.82823270836,,,,,,,,,,,,,,,,,,,,,,,,,
,,,,,,,,,-95650.843403495,,,,,,,,,,,,,,,,,,,,,
-100482.16163511523,,,,,,,,,,,,,,,,,,,,,,,,,,,,,,
,-99073.68005659501,,,,,,,,,,,,,,,,,,,,,,,,,,,,,
,,-99736.52370650746,,,,,,,,,,,,,,,,,,,,,,,,,,,,
,,,-99496.0139693771,,,,,,,,,,,,,,,,,,,,,,,,,,,
,,,,-96355.55457298917,,,,,,,,,,,,,,,,,,,,,,,,,,
,,,,,,-103054.82871485232,,,,,,,,,,,,,,,,,,,,,,,,
,,,,,,,-99702.8762664616,,,,,,,,,,,,,,,,,,,,,,,
,,,,,,,,-100334.75643914819,,,,,,,,,,,,,,,,,,,,,,
,,,,,,,,,,-102120.95544839307,,,,,,,,,,,,,,,,,,,,
,,,,,,,,,,,-100559.51963269644,,,,,,,,,,,,,,,,,,,
,,,,,,,,,,,,-101289.2591267535,,,,,,,,,,,,,,,,,,
,,,,,,,,,,,,,-99721.34010704955,,,,,,,,,,,,,,,,,
,,,,,,,,,,,,,,-96469.66250663731,,,,,,,,,,,,,,,,
,,,,,,,,,,,,,,,-97700.86209104638,,,,,,,,,,,,,,,
,,,,,-95429.21485457299,,,,,,,,,,,4.172325134277344e-07,206394825.7375,0.00119265,0.9994449615478516,10,-0.0007467125096809468,-8.512002544105053,103710832.0,0.2,0.0003,9.1552734375e-06,,,,
,,,,,,,,,-95469.67367597963,,,,,,,,,,,,,,,,,,,,,
-96369.59553261063,,,,,,,,,,,,,,,,,,,,,,,,,,,,,,
,-98154.30720095058,,,,,,,,,,,,,,,,,,,,,,,,,,,,,
,,-95239.22012606646,,,,,,,,,,,,,,,,,,,,,,,,,,,,
,,,-98577.53827767247,,,,,,,,,,,,,,,,,,,,,,,,,,,
,,,,-95638.32188286517,,,,,,,,,,,,,,,,,,,,,,,,,,
,,,,,,-98514.23867295822,,,,,,,,,,,,,,,,,,,,,,,,
,,,,,,,-95733.51560647554,,,,,,,,,,,,,,,,,,,,,,,
,,,,,,,,-98217.89230688602,,,,,,,,,,,,,,,,,,,,,,
,,,,,,,,,,-98068.21345161911,,,,,,,,,,,,,,,,,,,,
,,,,,,,,,,,-98834.68813849,,,,,,,,,,,,,,,,,,,
,,,,,,,,,,,,-99742.56329825032,,,,,,,,,,,,,,,,,,
,,,,,,,,,,,,,-96523.83838900032,,,,,,,,,,,,,,,,,
,,,,,,,,,,,,,,-96507.6538503654,,,,,,,,,,,,,,,,
,,,,,,,,,,,,,,,-96138.81460573917,,,,,,,,,,,,,,,
,,,,,,,,,,,,,,,,,,,,,,,,,,,0.0,48000,-94774.80050394998,102.0
,,,,,-97419.42353200688,,,,,,,,,,,,,,,,,,,,,,,,,
,,,,,,,,,-98792.38198950441,,,,,,,,,,,,,,,,,,,,,
-99829.4995510982,,,,,,,,,,,,,,,,,,,,,,,,,,,,,,
,-97485.28293739699,,,,,,,,,,,,,,,,,,,,,,,,,,,,,
,,-99268.40616050709,,,,,,,,,,,,,,,,,,,,,,,,,,,,
,,,-97879.70053595603,,,,,,,,,,,,,,,,,,,,,,,,,,,
,,,,-94204.20447338073,,,,,,,,,,,,,,,,,,,,,,,,,,
,,,,,,-98403.01927690505,,,,,,,,,,,,,,,,,,,,,,,,
,,,,,,,-100620.9127768791,,,,,,,,,,,,,,,,,,,,,,,
,,,,,,,,-94353.15606711229,,,,,,,,,,,,,,,,,,,,,,
,,,,,,,,,,-98415.47622480555,,,,,,,,,,,,,,,,,,,,
,,,,,,,,,,,-98542.96292153037,,,,,,,,,,,,,,,,,,,
,,,,,,,,,,,,-95472.59349113962,,,,,,,,,,,,,,,,,,
,,,,,,,,,,,,,-95309.66505286451,,,,,,,,,,,,,,,,,
,,,,,,,,,,,,,,-98909.27929458303,,,,,,,,,,,,,,,,
,,,,,,,,,,,,,,,-102854.64671357458,,,,,,,,,,,,,,,
,,,,,-96678.79127460039,,,,,,,,,,,,,,,,,,,,,,,,,
,,,,,,,,,-95611.56580418992,,,,,,,,,,,,,,,,,,,,,
,,,,,,,,,,,,-96709.95488948273,,,,,,,,,,,,,,,,,,
-93842.82999241617,,,,,,,,,,,,,,,,,,,,,,,,,,,,,,
,-98481.24307055512,,,,,,,,,,,,,,,,,,,,,,,,,,,,,
,,-98935.90897371813,,,,,,,,,,,,,,,,,,,,,,,,,,,,
,,,-96967.0830016287,,,,,,,,,,,,,,,,,,,,,,,,,,,
,,,,-97219.40759942368,,,,,,,,,,,,,,,,,,,,,,,,,,
,,,,,,-98697.25971821815,,,,,,,,,,,,,,,,,,,,,,,,
,,,,,,,-97601.19005774522,,,,,,,,,,,,,,,,,,,,,,,
,,,,,,,,-96989.66474047095,,,,,,,,,,,,,,,,,,,,,,
,,,,,,,,,,-99463.50953316214,,,,,,,,,,,,,,,,,,,,
,,,,,,,,,,,-95926.00321129154,,,,,,,,,,,,,,,,,,,
,,,,,,,,,,,,,-98190.96440306964,,,,,,,,,,,,,,,,,
,,,,,,,,,,,,,,-95072.01349585193,,,,,,,,,,,,,,,,
,,,,,,,,,,,,,,,-98849.57966161318,,,,,,,,,,,,,,,
,,,,,-95770.05410341528,,,,,,,,,,,,,,,,,,,,,,,,,
,,,,,,,,,-97343.91014492135,,,,,,,,,,,,,,,,,,,,,
,,,,,,,,,,,,-104412.92672277051,,,,,,,,,,,,,,,,,,
-98861.02144079615,,,,,,,,,,,,,,,,,,,,,,,,,,,,,,
,-97761.89422041956,,,,,,,,,,,,,,,,,,,,,,,,,,,,,
,,-99574.23028893475,,,,,,,,,,,,,,,,,,,,,,,,,,,,
,,,-99383.85959465803,,,,,,,,,,,,,,,,,,,,,,,,,,,
,,,,-95941.04041298453,,,,,,,,,,,,,,,,,,,,,,,,,,
,,,,,,-97073.30311477612,,,,,,,,,,,,,,,,,,,,,,,,
,,,,,,,-97205.0361097654,,,,,,,,,,,,,,,,,,,,,,,
,,,,,,,,-98538.02814133737,,,,,,,,,,,,,,,,,,,,,,
,,,,,,,,,,-100430.37374008485,,,,,,,,,,,,,,,,,,,,
,,,,,,,,,,,-97421.51024521739,,,,,,,,,,,,,,,,,,,
,,,,,,,,,,,,,-98998.35197313364,,,,,,,,,,,,,,,,,
,,,,,,,,,,,,,,-94820.87001687582,,,,,,,,,,,,,,,,
,,,,,,,,,,,,,,,-96006.43167727378,,,,,,,,,,,,,,,
,,,,,-96539.055301142,,,,,,,,,,,5.960464477539063e-08,196399820.8625,0.0015744523,0.9992425441741943,20,-0.0010007272484017448,-8.509738950431347,98259368.0,0.2,0.0003,6.40869140625e-05,,,,
,,,,,,,,,-98753.11669904986,,,,,,,,,,,,,,,,,,,,,
,,,,,,,,,,,,-94604.07103058902,,,,,,,,,,,,,,,,,,
,,,,,,,,-94068.86962137514,,,,,,,,,,,,,,,,,,,,,,
-94979.00613600173,,,,,,,,,,,,,,,,,,,,,,,,,,,,,,
,-93733.3130520091,,,,,,,,,,,,,,,,,,,,,,,,,,,,,
,,-95579.06171096084,,,,,,,,,,,,,,,,,,,,,,,,,,,,
,,,-95774.50481748102,,,,,,,,,,,,,,,,,,,,,,,,,,,
,,,,-101368.52271368152,,,,,,,,,,,,,,,,,,,,,,,,,,
,,,,,,-95464.16130045826,,,,,,,,,,,,,,,,,,,,,,,,
,,,,,,,-96451.41850927459,,,,,,,,,,,,,,,,,,,,,,,
,,,,,,,,,,-98896.59461074151,,,,,,,,,,,,,,,,,,,,
,,,,,,,,,,,-94839.42133157329,,,,,,,,,,,,,,,,,,,
,,,,,,,,,,,,,-96085.82198151016,,,,,,,,,,,,,,,,,
,,,,,,,,,,,,,,-95063.44892902402,,,,,,,,,,,,,,,,
,,,,,,,,,,,,,,,-94474.97268366002,,,,,,,,,,,,,,,
,,,,,-96603.57515949597,,,,,,,,,,,,,,,,,,,,,,,,,
,,,,,,,,,-93091.53122207895,,,,,,,,,,,,,,,,,,,,,
,,,,-94806.20077393112,,,,,,,,,,,,,,,,,,,,,,,,,,
,,,,,,,,,,,,-99195.00819630749,,,,,,,,,,,,,,,,,,
-92098.62459456435,,,,,,,,,,,,,,,,,,,,,,,,,,,,,,
,,,-96799.8967437247,,,,,,,,,,,,,,,,,,,,,,,,,,,
,,,,,,,,-95784.00352865689,,,,,,,,,,,,,,,,,,,,,,
,-95732.40019979517,,,,,,,,,,,,,,,,,,,,,,,,,,,,,
,,-96814.96941280352,,,,,,,,,,,,,,,,,,,,,,,,,,,,
,,,,,,-95818.64290660081,,,,,,,,,,,,,,,,,,,,,,,,
,,,,,,,-96089.47648026248,,,,,,,,,,,,,,,,,,,,,,,
,,,,,,,,,,-94772.21748178294,,,,,,,,,,,,,,,,,,,,
,,,,,,,,,,,-95130.9749963441,,,,,,,,,,,,,,,,,,,
,,,,,,,,,,,,,-94987.32462420108,,,,,,,,,,,,,,,,,
,,,,,,,,,,,,,,-97022.21233862946,,,,,,,,,,,,,,,,
,,,,,,,,,,,,,,,-93681.33401038908,,,,,,,,,,,,,,,
-85182.47682051972,,,,,,,,,,,,,,,,,,,,,,,,,,,,,,
,,,,,-91276.26955580412,,,,,,,,,,,,,,,,,,,,,,,,,
,,,,,,,,,-96438.63533260734,,,,,,,,,,,,,,,,,,,,,
,,,,-97035.86420979374,,,,,,,,,,,,,,,,,,,,,,,,,,
,,,,,,,,,,,,-94901.21608707217,,,,,,,,,,,,,,,,,,
,,,-96511.30095083799,,,,,,,,,,,,,,,,,,,,,,,,,,,
,,,,,,,,-96118.62190765265,,,,,,,,,,,,,,,,,,,,,,
,-93530.99148399357,,,,,,,,,,,,,,,,,,,,,,,,,,,,,
,,-99817.55531083823,,,,,,,,,,,,,,,,,,,,,,,,,,,,
,,,,,,-97537.78061044595,,,,,,,,,,,,,,,,,,,,,,,,
,,,,,,,-95908.2456582649,,,,,,,,,,,,,,,,,,,,,,,
,,,,,,,,,,-91192.98765325564,,,,,,,,,,,,,,,,,,,,
,,,,,,,,,,,-90532.8876966613,,,,,,,,,,,,,,,,,,,
,,,,,,,,,,,,,-97538.21852816662,,,,,,,,,,,,,,,,,
,,,,,,,,,,,,,,-93994.91555925747,,,,,,,,,,,,,,,,
,,,,,,,,,,,,,,,-95698.61169973256,,,,,,,,,,,,,,,
,,,,,,,,,,,,,,,,,,,,,,,,,,,0.0,96000,-91669.34757299001,102.0
-96196.12027113923,,,,,,,,,,,,,,,,,,,,,,,,,,,,,,
,,,,,-97344.29719445198,,,,,,,,,,,,,,,,,,,,,,,,,
,,,,,,,,,-97915.85806309411,,,,,,,,,,,,,,,,,,,,,
,,,,-94517.80149874612,,,,,,,,,,,,,,,,,,,,,,,,,,
,,,,,,,,,,,,-93720.20636472553,,,,,,,,,,,,,,,,,,
,,,-99222.41760169098,,,,,,,,,,,,,,,,,,,,,,,,,,,
,,,,,,,,-97097.56532901734,,,,,,,,,,,,,,,,,,,,,,
,-93451.40623578781,,,,,,,,,,,,,,,,,,,,,,,,,,,,,
,,-95637.4219248806,,,,,,,,,,,,,,,,,,,,,,,,,,,,
,,,,,,-94789.87743051283,,,,,,,,,,,,,,,,,,,,,,,,
,,,,,,,-95178.26026117032,,,,,,,,,,,,,,,,,,,,,,,
,,,,,,,,,,-93597.08477556964,,,,,,,,,,,,,,,,,,,,
,,,,,,,,,,,-101381.3377261961,,,,,,,,,,,,,,,,,,,
,,,,,,,,,,,,,-96351.0478545207,,,,,,,,,,,,,,,,,
,,,,,,,,,,,,,,-96052.3313926019,,,,,,,,,,,,,,,,
,,,,,,,,,,,,,,,-95326.14905148331,,,,,,,,,,,,,,,
-96469.12485852855,,,,,,,,,,,,,,,,0.0,188205640.3375,0.0010262313,0.9998383522033691,30,-0.0006331438466531836,-8.51081496477127,92265392.0,0.2,0.0003,6.103515625e-06,,,,
,,,,,-97013.37433218234,,,,,,,,,,,,,,,,,,,,,,,,,
,,,,,,,,,-92493.52013372924,,,,,,,,,,,,,,,,,,,,,
,,,,-94673.28284474133,,,,,,,,,,,,,,,,,,,,,,,,,,
,,,,,,,,,,,,-94365.32136091372,,,,,,,,,,,,,,,,,,
,,,-92724.68183864342,,,,,,,,,,,,,,,,,,,,,,,,,,,
,,,,,,,,-94798.5832205439,,,,,,,,,,,,,,,,,,,,,,
,-94387.52416585623,,,,,,,,,,,,,,,,,,,,,,,,,,,,,
,,-94621.31129675552,,,,,,,,,,,,,,,,,,,,,,,,,,,,
,,,,,,-93714.94036571,,,,,,,,,,,,,,,,,,,,,,,,
,,,,,,,-95607.16495313347,,,,,,,,,,,,,,,,,,,,,,,
,,,,,,,,,,-91411.69630883701,,,,,,,,,,,,,,,,,,,,
,,,,,,,,,,,-98022.45110437331,,,,,,,,,,,,,,,,,,,
,,,,,,,,,,,,,-94628.20239897764,,,,,,,,,,,,,,,,,
,,,,,,,,,,,,,,-90423.9160766326,,,,,,,,,,,,,,,,
,,,,,,,,,,,,,,,-97248.00719041048,,,,,,,,,,,,,,,
-93336.42402440598,,,,,,,,,,,,,,,,,,,,,,,,,,,,,,
,,,,,-95816.16923749441,,,,,,,,,,,,,,,,,,,,,,,,,
,,,,,,,,,-92719.82033638014,,,,,,,,,,,,,,,,,,,,,
,,,,-94477.68653248307,,,,,,,,,,,,,,,,,,,,,,,,,,
,,,,,,,,,,,,-94563.78584518234,,,,,,,,,,,,,,,,,,
,,,-96608.91976617443,,,,,,,,,,,,,,,,,,,,,,,,,,,
,,,,,,,,-95808.10857283845,,,,,,,,,,,,,,,,,,,,,,
,-94630.1555458643,,,,,,,,,,,,,,,,,,,,,,,,,,,,,
,,-92044.44006613865,,,,,,,,,,,,,,,,,,,,,,,,,,,,
,,,,,,-97533.05226449984,,,,,,,,,,,,,,,,,,,,,,,,
,,,,,,,-96322.4376445663,,,,,,,,,,,,,,,,,,,,,,,
,,,,,,,,,,-94068.2836944538,,,,,,,,,,,,,,,,,,,,
,,,,,,,,,,,-93064.09320825266,,,,,,,,,,,,,,,,,,,
,,,,,,,,,,,,,-93590.99762148943,,,,,,,,,,,,,,,,,
,,,,,,,,,,,,,,-95952.72778236264,,,,,,,,,,,,,,,,
,,,,,,,,,,,,,,,-94516.62975400778,,,,,,,,,,,,,,,
-95509.2264356192,,,,,,,,,,,,,,,,,,,,,,,,,,,,,,
,,,,,-97069.88136728379,,,,,,,,,,,,,,,,,,,,,,,,,
,,,,,,,,,-92684.5745606801,,,,,,,,,,,,,,,,,,,,,
,,,,-92777.60597775274,,,,,,,,,,,,,,,,,,,,,,,,,,
,,,,,,,,,,,,-92381.61368635765,,,,,,,,,,,,,,,,,,
,,,-94864.8318276709,,,,,,,,,,,,,,,,,,,,,,,,,,,
,,,,,,,,-97553.6518587435,,,,,,,,,,,,,,,,,,,,,,
,-92262.78798676637,,,,,,,,,,,,,,,,,,,,,,,,,,,,,
,,-95562.82793157017,,,,,,,,,,,,,,,,,,,,,,,,,,,,
,,,,,,-93695.31576503077,,,,,,,,,,,,,,,,,,,,,,,,
,,,,,,,-94221.1181530608,,,,,,,,,,,,,,,,,,,,,,,
,,,,,,,,,,-97930.57851523955,,,,,,,,,,,,,,,,,,,,
,,,,,,,,,,,-98736.48303317088,,,,,,,,,,,,,,,,,,,
,,,,,,,,,,,,,-91669.28196674409,,,,,,,,,,,,,,,,,
,,,,,,,,,,,,,,-92777.08830402646,,,,,,,,,,,,,,,,
,,,,,,,,,,,,,,,-92118.06552239376,,,,,,,,,,,,,,,
-94898.97931785882,,,,,,,,,,,,,,,,,,,,,,,,,,,,,,
,,,,,-93057.47114758535,,,,,,,,,,,,,,,,,,,,,,,,,
,,,,,,,,,-96999.74003115571,,,,,,,,,,,,,,,,,,,,,
,,,,-97657.51136129684,,,,,,,,,,,,,,,,,,,,,,,,,,
,,,,,,,,,,,,-95165.11716608089,,,,,,,,,,,,,,,,,,
,,,-92071.3723021182,,,,,,,,,,,,,,,,,,,,,,,,,,,
,,,,,,,,-95520.30709178915,,,,,,,,,,,,,,,,,,,,,,
,-91698.5005417247,,,,,,,,,,,,,,,,,,,,,,,,,,,,,
,,-94318.77109966603,,,,,,,,,,,,,,,,,,,,,,,,,,,,
,,,,,,-94099.89499312315,,,,,,,,,,,,,,,,,,,,,,,,
,,,,,,,-92538.29586170001,,,,,,,,,,,,,,,,,,,,,,,
,,,,,,,,,,-95238.78743007264,,,,,,,,,,,,,,,,,,,,
,,,,,,,,,,,-95878.09482375772,,,,,,,,,,,,,,,,,,,
,,,,,,,,,,,,,-94301.13961817203,,,,,,,,,,,,,,,,,
,,,,,,,,,,,,,,-97603.8890556901,,,,,,,,,,,,,,,,
,,,,,,,,,,,,,,,-92884.22754132896,,,,,,,,,,,,,,,
-93925.99626317945,,,,,,,,,,,,,,,,0.0,182298433.2,0.0011448454,0.9989745020866394,40,-0.0007026021356978162,-8.510074635595084,88186312.0,0.2,0.0003,6.103515625e-06,,,,
,,,,,-91332.32270251453,,,,,,,,,,,,,,,,,,,,,,,,,
,,,,,,,,,-88185.10832847463,,,,,,,,,,,,,,,,,,,,,
,,,,-94378.95129464896,,,,,,,,,,,,,,,,,,,,,,,,,,
,,,,,,,,,,,,-90713.79082271567,,,,,,,,,,,,,,,,,,
,,,-95388.65930368508,,,,,,,,,,,,,,,,,,,,,,,,,,,
,,,,,,,,-95590.51015995457,,,,,,,,,,,,,,,,,,,,,,
,-92415.91335997444,,,,,,,,,,,,,,,,,,,,,,,,,,,,,
,,-92658.81854217999,,,,,,,,,,,,,,,,,,,,,,,,,,,,
,,,,,,-89119.5702720368,,,,,,,,,,,,,,,,,,,,,,,,
,,,,,,,-91481.32282698757,,,,,,,,,,,,,,,,,,,,,,,
,,,,,,,,,,-95161.23872076378,,,,,,,,,,,,,,,,,,,,
,,,,,,,,,,,-92793.39978531798,,,,,,,,,,,,,,,,,,,
,,,,,,,,,,,,,-95241.12768976859,,,,,,,,,,,,,,,,,
,,,,,,,,,,,,,,-92334.42835036684,,,,,,,,,,,,,,,,
,,,,,,,,,,,,,,,-89430.93840925567,,,,,,,,,,,,,,,
,,,,,,,,,,,,,,,,,,,,,,,,,,,0.0,144000,-86390.13886898998,102.0
-94606.50056347408,,,,,,,,,,,,,,,,,,,,,,,,,,,,,,
,,,,,-92658.50254933344,,,,,,,,,,,,,,,,,,,,,,,,,
,,,,,,,,,-93830.76804989306,,,,,,,,,,,,,,,,,,,,,
,,,,-90945.00165819071,,,,,,,,,,,,,,,,,,,,,,,,,,
,,,,,,,,,,,,-94160.54427203262,,,,,,,,,,,,,,,,,,
,,,-95961.22125367486,,,,,,,,,,,,,,,,,,,,,,,,,,,
,,,,,,,,-89984.95874588676,,,,,,,,,,,,,,,,,,,,,,
,-90560.21483309343,,,,,,,,,,,,,,,,,,,,,,,,,,,,,
,,-97101.95654263289,,,,,,,,,,,,,,,,,,,,,,,,,,,,
,,,,,,-93422.56277070097,,,,,,,,,,,,,,,,,,,,,,,,
,,,,,,,-90562.67011583174,,,,,,,,,,,,,,,,,,,,,,,
,,,,,,,,,,-90197.47258900428,,,,,,,,,,,,,,,,,,,,
,,,,,,,,,,,-96404.65711365498,,,,,,,,,,,,,,,,,,,
,,,,,,,,,,,,,-93745.82608403827,,,,,,,,,,,,,,,,,
,,,,,,,,,,,,,,-93187.2492667456,,,,,,,,,,,,,,,,
,,,,,,,,,,,,,,,-94775.80334100885,,,,,,,,,,,,,,,
-93138.98724288645,,,,,,,,,,,,,,,,,,,,,,,,,,,,,,
,,,,,-94751.4619595682,,,,,,,,,,,,,,,,,,,,,,,,,
,,,,,,,,,-93696.97742226602,,,,,,,,,,,,,,,,,,,,,
,,,,-92218.26123134015,,,,,,,,,,,,,,,,,,,,,,,,,,
,,,,,,,,,,,,-91565.69240283554,,,,,,,,,,,,,,,,,,
,,,-91271.55642050027,,,,,,,,,,,,,,,,,,,,,,,,,,,
,,,,,,,,-93063.19938826829,,,,,,,,,,,,,,,,,,,,,,
,-91685.17227728311,,,,,,,,,,,,,,,,,,,,,,,,,,,,,
,,-92682.67602674676,,,,,,,,,,,,,,,,,,,,,,,,,,,,
,,,,,,-92426.70169717676,,,,,,,,,,,,,,,,,,,,,,,,
,,,,,,,-91187.14639837362,,,,,,,,,,,,,,,,,,,,,,,
,,,,,,,,,,-94195.59576524988,,,,,,,,,,,,,,,,,,,,
,,,,,,,,,,,-91388.07241970362,,,,,,,,,,,,,,,,,,,
,,,,,,,,,,,,,-90689.66312914749,,,,,,,,,,,,,,,,,
,,,,,,,,,,,,,,-96639.58164271584,,,,,,,,,,,,,,,,
,,,,,,,,,,,,,,,-89567.98684650195,,,,,,,,,,,,,,,
-92246.16568971754,,,,,,,,,,,,,,,,,,,,,,,,,,,,,,
,,,,,-90657.90561666628,,,,,,,,,,,,,,,,,,,,,,,,,
,,,,,,,,,-90426.47446743256,,,,,,,,,,,,,,,,,,,,,
,,,,-95229.02631946698,,,,,,,,,,,,,,,,,,,,,,,,,,
,,,,,,,,,,,,-90421.77530742933,,,,,,,,,,,,,,,,,,
,,,-92964.30494533484,,,,,,,,,,,,,,,,,,,,,,,,,,,
,,,,,,,,-93829.25134696378,,,,,,,,,,,,,,,,,,,,,,
,-89957.71018521265,,,,,,,,,,,,,,,,,,,,,,,,,,,,,
,,-94672.78052745284,,,,,,,,,,,,,,,,,,,,,,,,,,,,
,,,,,,-90117.90425671588,,,,,,,,,,,,,,,,,,,,,,,,
,,,,,,,-91966.97220548513,,,,,,,,,,,,,,,,,,,,,,,
,,,,,,,,,,-96186.25576256799,,,,,,,,,,,,,,,,,,,,
,,,,,,,,,,,-92063.69967731173,,,,,,,,,,,,,,,,,,,
,,,,,,,,,,,,,-93983.7753311334,,,,,,,,,,,,,,,,,
,,,,,,,,,,,,,,-96382.0381125855,,,,,,,,,,,,,,,,
,,,,,,,,,,,,,,,-95720.5843037277,,,,,,,,,,,,,,,
-91795.66587946168,,,,,,,,,,,,,,,,0.0,174752485.1125,0.0020547162,0.9979939460754395,50,-0.0012569452846037167,-8.504568967223168,83203960.0,0.2,0.0003,0.000311279296875,,,,
,,,,,-89062.88506438644,,,,,,,,,,,,,,,,,,,,,,,,,
,,,,,,,,,-91068.19271131026,,,,,,,,,,,,,,,,,,,,,
,,,,-88137.62231186601,,,,,,,,,,,,,,,,,,,,,,,,,,
,,,,,,,,,,,,-87762.42131771633,,,,,,,,,,,,,,,,,,
,,,-92099.43998200941,,,,,,,,,,,,,,,,,,,,,,,,,,,
,,,,,,,,-90090.9656639118,,,,,,,,,,,,,,,,,,,,,,
,-94115.45146066995,,,,,,,,,,,,,,,,,,,,,,,,,,,,,
,,-90427.37563955876,,,,,,,,,,,,,,,,,,,,,,,,,,,,
,,,,,,-90669.63798103385,,,,,,,,,,,,,,,,,,,,,,,,
,,,,,,,-89487.02309017803,,,,,,,,,,,,,,,,,,,,,,,
,,,,,,,,,,-85636.69532227972,,,,,,,,,,,,,,,,,,,,
,,,,,,,,,,,-89876.82769885266,,,,,,,,,,,,,,,,,,,
,,,,,,,,,,,,,-88377.36788167049,,,,,,,,,,,,,,,,,
,,,,,,,,,,,,,,-87221.10363288528,,,,,,,,,,,,,,,,
,,,,,,,,,,,,,,,-90866.34178446843,,,,,,,,,,,,,,,
-87256.88846609823,,,,,,,,,,,,,,,,,,,,,,,,,,,,,,
,,,,,-88874.96635261751,,,,,,,,,,,,,,,,,,,,,,,,,
,,,,,,,,,-88930.68113454344,,,,,,,,,,,,,,,,,,,,,
,,,,-88774.67221330378,,,,,,,,,,,,,,,,,,,,,,,,,,
,,,,,,,,,,,,-87728.75279533408,,,,,,,,,,,,,,,,,,
,,,-89732.55747118528,,,,,,,,,,,,,,,,,,,,,,,,,,,
,,,,,,,,-89868.50481497365,,,,,,,,,,,,,,,,,,,,,,
,-88791.78113925832,,,,,,,,,,,,,,,,,,,,,,,,,,,,,
,,-91249.55132848323,,,,,,,,,,,,,,,,,,,,,,,,,,,,
,,,,,,-89743.58643584786,,,,,,,,,,,,,,,,,,,,,,,,
,,,,,,,-90224.25721192002,,,,,,,,,,,,,,,,,,,,,,,
,,,,,,,,,,-90761.83043544815,,,,,,,,,,,,,,,,,,,,
,,,,,,,,,,,-88805.93652896403,,,,,,,,,,,,,,,,,,,
,,,,,,,,,,,,,-89959.77706335738,,,,,,,,,,,,,,,,,
,,,,,,,,,,,,,,-90524.30765393648,,,,,,,,,,,,,,,,
,,,,,,,,,,,,,,,-91138.69801172476,,,,,,,,,,,,,,,
-85598.02693405656,,,,,,,,,,,,,,,,,,,,,,,,,,,,,,
,,,,,-94187.1126749683,,,,,,,,,,,,,,,,,,,,,,,,,
,,,,,,,,,-90076.0630719232,,,,,,,,,,,,,,,,,,,,,
,,,,-88675.23713725628,,,,,,,,,,,,,,,,,,,,,,,,,,
,,,,,,,,,,,,-88133.57366017105,,,,,,,,,,,,,,,,,,
,,,-89815.70644484423,,,,,,,,,,,,,,,,,,,,,,,,,,,
,,,,,,,,-93382.20998315122,,,,,,,,,,,,,,,,,,,,,,
,-94734.06107359954,,,,,,,,,,,,,,,,,,,,,,,,,,,,,
,,-92415.5428989879,,,,,,,,,,,,,,,,,,,,,,,,,,,,
,,,,,,-88874.77118677027,,,,,,,,,,,,,,,,,,,,,,,,
,,,,,,,-92084.34546437536,,,,,,,,,,,,,,,,,,,,,,,
,,,,,,,,,,-91825.00810916499,,,,,,,,,,,,,,,,,,,,
,,,,,,,,,,,-91360.06824443417,,,,,,,,,,,,,,,,,,,
,,,,,,,,,,,,,-91026.82199803986,,,,,,,,,,,,,,,,,
,,,,,,,,,,,,,,-88590.25224289967,,,,,,,,,,,,,,,,
,,,,,,,,,,,,,,,-93082.34164760192,,,,,,,,,,,,,,,
,,,,,,,,,,,,,,,,,,,,,,,,,,,0.0,192000,-82899.84154826001,102.0
-91459.42997084171,,,,,,,,,,,,,,,,,,,,,,,,,,,,,,
,,,,,-86879.25640224607,,,,,,,,,,,,,,,,,,,,,,,,,
,,,,,,,,,-91262.7340986578,,,,,,,,,,,,,,,,,,,,,
,,,,-92773.51662515156,,,,,,,,,,,,,,,,,,,,,,,,,,
,,,,,,,,,,,,-87730.44244643091,,,,,,,,,,,,,,,,,,
,,,-90489.33129246449,,,,,,,,,,,,,,,,,,,,,,,,,,,
,,,,,,,,-88775.70417865437,,,,,,,,,,,,,,,,,,,,,,
,-88814.5206702718,,,,,,,,,,,,,,,,,,,,,,,,,,,,,
,,-87971.84448345688,,,,,,,,,,,,,,,,,,,,,,,,,,,,
,,,,,,-90029.9614942526,,,,,,,,,,,,,,,,,,,,,,,,
,,,,,,,-89581.52440792532,,,,,,,,,,,,,,,,,,,,,,,
,,,,,,,,,,-92510.9916598108,,,,,,,,,,,,,,,,,,,,
,,,,,,,,,,,-89947.6981581224,,,,,,,,,,,,,,,,,,,
,,,,,,,,,,,,,-88753.10707717555,,,,,,,,,,,,,,,,,
,,,,,,,,,,,,,,-92345.81775908652,,,,,,,,,,,,,,,,
,,,,,,,,,,,,,,,-92051.69618056525,,,,,,,,,,,,,,,
-89244.0480789933,,,,,,,,,,,,,,,,0.0,164154548.35,0.0011692959,0.9984488487243652,60,-0.0006547389975821716,-8.502947759628295,80912080.0,0.2,0.0003,3.662109375e-05,,,,
,,,,,-89906.78362583068,,,,,,,,,,,,,,,,,,,,,,,,,
,,,,,,,,,-90949.99389683224,,,,,,,,,,,,,,,,,,,,,
,,,,-87370.85871787101,,,,,,,,,,,,,,,,,,,,,,,,,,
,,,,,,,,,,,,-85813.00166851007,,,,,,,,,,,,,,,,,,
,,,-87204.5514294478,,,,,,,,,,,,,,,,,,,,,,,,,,,
,,,,,,,,-87873.66216707577,,,,,,,,,,,,,,,,,,,,,,
,-88942.26104264296,,,,,,,,,,,,,,,,,,,,,,,,,,,,,
,,-85393.63277222731,,,,,,,,,,,,,,,,,,,,,,,,,,,,
,,,,,,-89089.76895005452,,,,,,,,,,,,,,,,,,,,,,,,
,,,,,,,-91024.34793899258,,,,,,,,,,,,,,,,,,,,,,,
,,,,,,,,,,-90596.04604744811,,,,,,,,,,,,,,,,,,,,
,,,,,,,,,,,-87592.9850085006,,,,,,,,,,,,,,,,,,,
,,,,,,,,,,,,,-92172.8103897554,,,,,,,,,,,,,,,,,
,,,,,,,,,,,,,,-86766.09732486124,,,,,,,,,,,,,,,,
,,,,,,,,,,,,,,,-86600.21632426634,,,,,,,,,,,,,,,
-88792.47006543503,,,,,,,,,,,,,,,,,,,,,,,,,,,,,,
,,,,,-86635.20040232946,,,,,,,,,,,,,,,,,,,,,,,,,
,,,,,,,,,-89680.66121694454,,,,,,,,,,,,,,,,,,,,,
,,,,-87139.60676092838,,,,,,,,,,,,,,,,,,,,,,,,,,
,,,,,,,,,,,,-85389.89144259492,,,,,,,,,,,,,,,,,,
,,,-89407.31005005541,,,,,,,,,,,,,,,,,,,,,,,,,,,
,,,,,,,,-87180.35200421547,,,,,,,,,,,,,,,,,,,,,,
,-85410.07014309005,,,,,,,,,,,,,,,,,,,,,,,,,,,,,
,,-89191.32577993689,,,,,,,,,,,,,,,,,,,,,,,,,,,,
,,,,,,-87979.20119014864,,,,,,,,,,,,,,,,,,,,,,,,
,,,,,,,-88344.77067973236,,,,,,,,,,,,,,,,,,,,,,,
,,,,,,,,,,-88146.29841191138,,,,,,,,,,,,,,,,,,,,
,,,,,,,,,,,-87446.06467878788,,,,,,,,,,,,,,,,,,,
,,,,,,,,,,,,,-84593.2362055305,,,,,,,,,,,,,,,,,
,,,,,,,,,,,,,,-85388.45708904458,,,,,,,,,,,,,,,,
,,,,,,,,,,,,,,,-88846.01704474716,,,,,,,,,,,,,,,
-88843.92164806463,,,,,,,,,,,,,,,,,,,,,,,,,,,,,,
,,,,,-89850.17385857581,,,,,,,,,,,,,,,,,,,,,,,,,
,,,,,,,,,-89778.45338698378,,,,,,,,,,,,,,,,,,,,,
,,,,-88889.28972400502,,,,,,,,,,,,,,,,,,,,,,,,,,
,,,,,,,,,,,,-85641.4271525864,,,,,,,,,,,,,,,,,,
,,,-90726.82353518045,,,,,,,,,,,,,,,,,,,,,,,,,,,
,,,,,,,,-89790.96378872193,,,,,,,,,,,,,,,,,,,,,,
,-90350.14567986029,,,,,,,,,,,,,,,,,,,,,,,,,,,,,
,,-89864.9070367437,,,,,,,,,,,,,,,,,,,,,,,,,,,,
,,,,,,-90229.6696864193,,,,,,,,,,,,,,,,,,,,,,,,
,,,,,,,-87954.39826863083,,,,,,,,,,,,,,,,,,,,,,,
,,,,,,,,,,-91570.89019878017,,,,,,,,,,,,,,,,,,,,
,,,,,,,,,,,-83813.29677369806,,,,,,,,,,,,,,,,,,,
,,,,,,,,,,,,,-89067.63439330431,,,,,,,,,,,,,,,,,
,,,,,,,,,,,,,,-90023.51732341989,,,,,,,,,,,,,,,,
,,,,,,,,,,,,,,,-89644.16155296325,,,,,,,,,,,,,,,
-89060.24989177242,,,,,,,,,,,,,,,,,,,,,,,,,,,,,,
,,,,,-89514.38420940044,,,,,,,,,,,,,,,,,,,,,,,,,
,,,,,,,,,-88452.69723970132,,,,,,,,,,,,,,,,,,,,,
,,,,-88159.92762684281,,,,,,,,,,,,,,,,,,,,,,,,,,
,,,,,,,,,,,,-91573.60552716971,,,,,,,,,,,,,,,,,,
,,,-91957.85947860435,,,,,,,,,,,,,,,,,,,,,,,,,,,
,,,,,,,,-89146.13012613033,,,,,,,,,,,,,,,,,,,,,,
,-85484.84033971219,,,,,,,,,,,,,,,,,,,,,,,,,,,,,
,,-89289.64454680945,,,,,,,,,,,,,,,,,,,,,,,,,,,,
,,,,,,-91081.3577726882,,,,,,,,,,,,,,,,,,,,,,,,
,,,,,,,-85012.64082295951,,,,,,,,,,,,,,,,,,,,,,,
,,,,,,,,,,-87896.52762452494,,,,,,,,,,,,,,,,,,,,
,,,,,,,,,,,-85666.91149164372,,,,,,,,,,,,,,,,,,,
,,,,,,,,,,,,,-91569.80834144636,,,,,,,,,,,,,,,,,
,,,,,,,,,,,,,,-87833.73547976407,,,,,,,,,,,,,,,,
,,,,,,,,,,,,,,,-88601.63033555518,,,,,,,,,,,,,,,
-87728.32121224012,,,,,,,,,,,,,,,,1.1920928955078125e-07,157949593.925,0.00044609682,0.997907817363739,70,-0.00026819038212124726,-8.502697961032391,77323152.0,0.2,0.0003,0.0,,,,
,,,,,-90205.19267082748,,,,,,,,,,,,,,,,,,,,,,,,,
,,,,,,,,,-89551.22370464102,,,,,,,,,,,,,,,,,,,,,
,,,,-87633.38266845679,,,,,,,,,,,,,,,,,,,,,,,,,,
,,,,,,,,,,,,-88358.87383861499,,,,,,,,,,,,,,,,,,
,,,-90288.13534903145,,,,,,,,,,,,,,,,,,,,,,,,,,,
,,,,,,,,-88733.29731116978,,,,,,,,,,,,,,,,,,,,,,
,-93358.68306381613,,,,,,,,,,,,,,,,,,,,,,,,,,,,,
,,-90611.09057564588,,,,,,,,,,,,,,,,,,,,,,,,,,,,
,,,,,,-83132.03352225192,,,,,,,,,,,,,,,,,,,,,,,,
,,,,,,,-89655.12527110378,,,,,,,,,,,,,,,,,,,,,,,
,,,,,,,,,,-88759.36237848086,,,,,,,,,,,,,,,,,,,,
,,,,,,,,,,,-86562.893719469,,,,,,,,,,,,,,,,,,,
,,,,,,,,,,,,,-86208.55683917974,,,,,,,,,,,,,,,,,
,,,,,,,,,,,,,,-88069.52529381879,,,,,,,,,,,,,,,,
,,,,,,,,,,,,,,,-85707.05755186346,,,,,,,,,,,,,,,
,,,,,,,,,,,,,,,,,,,,,,,,,,,0.0,240000,-79776.20224812003,102.0
-82846.94467012915,,,,,,,,,,,,,,,,,,,,,,,,,,,,,,
,,,,,-90828.96841448611,,,,,,,,,,,,,,,,,,,,,,,,,
,,,,,,,,,-91632.57761610352,,,,,,,,,,,,,,,,,,,,,
,,,,-89066.64109409697,,,,,,,,,,,,,,,,,,,,,,,,,,
,,,,,,,,,,,,-89505.52113890431,,,,,,,,,,,,,,,,,,
,,,-89837.42102103261,,,,,,,,,,,,,,,,,,,,,,,,,,,
,,,,,,,,-88398.02393311787,,,,,,,,,,,,,,,,,,,,,,
,-88245.58396023113,,,,,,,,,,,,,,,,,,,,,,,,,,,,,
,,-85908.97949318516,,,,,,,,,,,,,,,,,,,,,,,,,,,,
,,,,,,-87276.1803814896,,,,,,,,,,,,,,,,,,,,,,,,
,,,,,,,-87026.78314844167,,,,,,,,,,,,,,,,,,,,,,,
,,,,,,,,,,-87898.82065080164,,,,,,,,,,,,,,,,,,,,
,,,,,,,,,,,-86015.96882316121,,,,,,,,,,,,,,,,,,,
,,,,,,,,,,,,,-88645.04873974845,,,,,,,,,,,,,,,,,
,,,,,,,,,,,,,,-88343.20936739867,,,,,,,,,,,,,,,,
,,,,,,,,,,,,,,,-88346.00361708415,,,,,,,,,,,,,,,
-86748.46559010948,,,,,,,,,,,,,,,,,,,,,,,,,,,,,,
,,,,,-87786.66231238523,,,,,,,,,,,,,,,,,,,,,,,,,
,,,,,,,,,-87967.51558003025,,,,,,,,,,,,,,,,,,,,,
,,,,-88207.1661657178,,,,,,,,,,,,,,,,,,,,,,,,,,
,,,,,,,,,,,,-88241.96483695219,,,,,,,,,,,,,,,,,,
,,,-88709.65210323552,,,,,,,,,,,,,,,,,,,,,,,,,,,
,,,,,,,,-88316.27380524426,,,,,,,,,,,,,,,,,,,,,,
,-89300.67820517471,,,,,,,,,,,,,,,,,,,,,,,,,,,,,
,,-89203.44170153496,,,,,,,,,,,,,,,,,,,,,,,,,,,,
,,,,,,-89823.90450272348,,,,,,,,,,,,,,,,,,,,,,,,
,,,,,,,-89178.00020838168,,,,,,,,,,,,,,,,,,,,,,,
,,,,,,,,,,-93453.58479295402,,,,,,,,,,,,,,,,,,,,
,,,,,,,,,,,-88606.85604588159,,,,,,,,,,,,,,,,,,,
,,,,,,,,,,,,,-88305.85015824906,,,,,,,,,,,,,,,,,
,,,,,,,,,,,,,,-87326.7792809103,,,,,,,,,,,,,,,,
,,,,,,,,,,,,,,,-84465.58630743061,,,,,,,,,,,,,,,
-87996.32081466274,,,,,,,,,,,,,,,,,,,,,,,,,,,,,,
,,,,,-86240.35377014524,,,,,,,,,,,,,,,,,,,,,,,,,
,,,,,,,,,-84462.06253129526,,,,,,,,,,,,,,,,,,,,,
,,,,-86474.12101303897,,,,,,,,,,,,,,,,,,,,,,,,,,
,,,,,,,,,,,,-88603.90498021076,,,,,,,,,,,,,,,,,,
,,,-85289.41468234838,,,,,,,,,,,,,,,,,,,,,,,,,,,
,,,,,,,,-89185.76919751255,,,,,,,,,,,,,,,,,,,,,,
,-87711.47534884662,,,,,,,,,,,,,,,,,,,,,,,,,,,,,
,,-86621.31525048331,,,,,,,,,,,,,,,,,,,,,,,,,,,,
,,,,,,-85589.24248641498,,,,,,,,,,,,,,,,,,,,,,,,
,,,,,,,-85276.6560220265,,,,,,,,,,,,,,,,,,,,,,,
,,,,,,,,,,-88150.25134908555,,,,,,,,,,,,,,,,,,,,
,,,,,,,,,,,-93447.516221393,,,,,,,,,,,,,,,,,,,
,,,,,,,,,,,,,-89580.1107967224,,,,,,,,,,,,,,,,,
,,,,,,,,,,,,,,-90743.37244217264,,,,,,,,,,,,,,,,
,,,,,,,,,,,,,,,-88230.70018660286,,,,,,,,,,,,,,,
-86094.1701230321,,,,,,,,,,,,,,,,5.960464477539063e-08,156262022.0,0.00072067324,0.9967789649963379,80,-0.00041898764275174474,-8.497594910115003,78462784.0,0.2,0.0003,0.0,,,,
,,,,,-89804.05807397646,,,,,,,,,,,,,,,,,,,,,,,,,
,,,,,,,,,-85147.13138468712,,,,,,,,,,,,,,,,,,,,,
,,,,-89245.12124642236,,,,,,,,,,,,,,,,,,,,,,,,,,
,,,,,,,,,,,,-85853.69543449668,,,,,,,,,,,,,,,,,,
,,,-85779.60523507222,,,,,,,,,,,,,,,,,,,,,,,,,,,
,,,,,,,,-86664.42032202572,,,,,,,,,,,,,,,,,,,,,,
,-89886.35535148092,,,,,,,,,,,,,,,,,,,,,,,,,,,,,
,,-88143.55629902078,,,,,,,,,,,,,,,,,,,,,,,,,,,,
,,,,,,-86016.53099858908,,,,,,,,,,,,,,,,,,,,,,,,
,,,,,,,-88675.40059679265,,,,,,,,,,,,,,,,,,,,,,,
,,,,,,,,,,-88255.93186638913,,,,,,,,,,,,,,,,,,,,
,,,,,,,,,,,-85829.52809351707,,,,,,,,,,,,,,,,,,,
,,,,,,,,,,,,,-84461.45250026685,,,,,,,,,,,,,,,,,
,,,,,,,,,,,,,,-81242.57784818846,,,,,,,,,,,,,,,,
,,,,,,,,,,,,,,,-86049.82435885094,,,,,,,,,,,,,,,
-88933.71076387611,,,,,,,,,,,,,,,,,,,,,,,,,,,,,,
,,,,,-83556.66040595554,,,,,,,,,,,,,,,,,,,,,,,,,
,,,,,,,,,-82659.4572130903,,,,,,,,,,,,,,,,,,,,,
,,,,-86060.85479347761,,,,,,,,,,,,,,,,,,,,,,,,,,
,,,,,,,,,,,,-83649.97292666303,,,,,,,,,,,,,,,,,,
,,,-84253.39415104684,,,,,,,,,,,,,,,,,,,,,,,,,,,
,,,,,,,,-84443.96044887339,,,,,,,,,,,,,,,,,,,,,,
,-88360.93665814251,,,,,,,,,,,,,,,,,,,,,,,,,,,,,
,,-88389.58137706494,,,,,,,,,,,,,,,,,,,,,,,,,,,,
,,,,,,-85212.00490884893,,,,,,,,,,,,,,,,,,,,,,,,
,,,,,,,-89983.21743033148,,,,,,,,,,,,,,,,,,,,,,,
,,,,,,,,,,-88502.78781272279,,,,,,,,,,,,,,,,,,,,
,,,,,,,,,,,-86129.09044075456,,,,,,,,,,,,,,,,,,,
,,,,,,,,,,,,,-85281.03474289781,,,,,,,,,,,,,,,,,
,,,,,,,,,,,,,,-85951.95066219466,,,,,,,,,,,,,,,,
,,,,,,,,,,,,,,,-83926.06369578197,,,,,,,,,,,,,,,
-84037.32214811772,,,,,,,,,,,,,,,,,,,,,,,,,,,,,,
,,,,,-87117.1969061319,,,,,,,,,,,,,,,,,,,,,,,,,
,,,,,,,,,-87059.50390836317,,,,,,,,,,,,,,,,,,,,,
,,,,-89441.7064886416,,,,,,,,,,,,,,,,,,,,,,,,,,
,,,,,,,,,,,,-84198.95488799094,,,,,,,,,,,,,,,,,,
,,,-87933.51054972262,,,,,,,,,,,,,,,,,,,,,,,,,,,
,,,,,,,,-84206.65709484232,,,,,,,,,,,,,,,,,,,,,,
,-87717.23216199307,,,,,,,,,,,,,,,,,,,,,,,,,,,,,
,,-90453.80796512407,,,,,,,,,,,,,,,,,,,,,,,,,,,,
,,,,,,-84453.0173701912,,,,,,,,,,,,,,,,,,,,,,,,
,,,,,,,-86731.96955461372,,,,,,,,,,,,,,,,,,,,,,,
,,,,,,,,,,-87211.76919831903,,,,,,,,,,,,,,,,,,,,
,,,,,,,,,,,-86147.94812624286,,,,,,,,,,,,,,,,,,,
,,,,,,,,,,,,,-89031.58107234036,,,,,,,,,,,,,,,,,
,,,,,,,,,,,,,,-84366.9463148373,,,,,,,,,,,,,,,,
,,,,,,,,,,,,,,,-87163.50214309292,,,,,,,,,,,,,,,
,,,,,,,,,,,,,,,,,,,,,,,,,,,0.0,288000,-78412.62329301001,102.0
-89119.97056086683,,,,,,,,,,,,,,,,,,,,,,,,,,,,,,
,,,,,-87311.86728214996,,,,,,,,,,,,,,,,,,,,,,,,,
,,,,,,,,,-85051.4887422849,,,,,,,,,,,,,,,,,,,,,
,,,,-86343.83781024351,,,,,,,,,,,,,,,,,,,,,,,,,,
,,,,,,,,,,,,-85336.29713178912,,,,,,,,,,,,,,,,,,
,,,-88661.6485201098,,,,,,,,,,,,,,,,,,,,,,,,,,,
,,,,,,,,-85372.36422243378,,,,,,,,,,,,,,,,,,,,,,
,-84853.39354663683,,,,,,,,,,,,,,,,,,,,,,,,,,,,,
,,-84661.87563943921,,,,,,,,,,,,,,,,,,,,,,,,,,,,
,,,,,,-85770.32404680646,,,,,,,,,,,,,,,,,,,,,,,,
,,,,,,,-84324.0157252978,,,,,,,,,,,,,,,,,,,,,,,
,,,,,,,,,,-86054.9522823354,,,,,,,,,,,,,,,,,,,,
,,,,,,,,,,,-85709.04157244964,,,,,,,,,,,,,,,,,,,
,,,,,,,,,,,,,-88774.47146305618,,,,,,,,,,,,,,,,,
,,,,,,,,,,,,,,-86648.56818661181,,,,,,,,,,,,,,,,
,,,,,,,,,,,,,,,-85158.98483746305,,,,,,,,,,,,,,,
-85591.53252714295,,,,,,,,,,,,,,,,0.0,149676251.19375,0.0016979559,0.9963579177856445,90,-0.0009142339343270578,-8.492964677512646,75138920.0,0.2,0.0003,0.0001251220703125,,,,
,,,,,-83480.22516379168,,,,,,,,,,,,,,,,,,,,,,,,,
,,,,,,,,,-87425.75262489577,,,,,,,,,,,,,,,,,,,,,
,,,,-81722.27072859227,,,,,,,,,,,,,,,,,,,,,,,,,,
,,,,,,,,,,,,-87690.38567124463,,,,,,,,,,,,,,,,,,
,,,-85435.07567899935,,,,,,,,,,,,,,,,,,,,,,,,,,,
,,,,,,,,-82310.02615655589,,,,,,,,,,,,,,,,,,,,,,
,-83555.17807924791,,,,,,,,,,,,,,,,,,,,,,,,,,,,,
,,-83646.7662989968,,,,,,,,,,,,,,,,,,,,,,,,,,,,
,,,,,,-88436.62214887339,,,,,,,,,,,,,,,,,,,,,,,,
,,,,,,,-86208.2310326703,,,,,,,,,,,,,,,,,,,,,,,
,,,,,,,,,,-84214.14040036105,,,,,,,,,,,,,,,,,,,,
,,,,,,,,,,,-83508.63928749299,,,,,,,,,,,,,,,,,,,
,,,,,,,,,,,,,-86323.83861271062,,,,,,,,,,,,,,,,,
,,,,,,,,,,,,,,-86448.99152170119,,,,,,,,,,,,,,,,
,,,,,,,,,,,,,,,-84456.65242492789,,,,,,,,,,,,,,,
-82675.32583233251,,,,,,,,,,,,,,,,,,,,,,,,,,,,,,
,,,,,-81154.39923504299,,,,,,,,,,,,,,,,,,,,,,,,,
,,,,,,,,,-84187.46187080274,,,,,,,,,,,,,,,,,,,,,
,,,,-86054.76347853456,,,,,,,,,,,,,,,,,,,,,,,,,,
,,,,,,,,,,,,-83547.74759838759,,,,,,,,,,,,,,,,,,
,,,-82756.22371715473,,,,,,,,,,,,,,,,,,,,,,,,,,,
,,,,,,,,,,,,,,-81132.10197829193,,,,,,,,,,,,,,,,
,,,,,,,,-84616.87107855291,,,,,,,,,,,,,,,,,,,,,,
,-84262.10516138958,,,,,,,,,,,,,,,,,,,,,,,,,,,,,
,,-84745.51294676018,,,,,,,,,,,,,,,,,,,,,,,,,,,,
,,,,,,-84975.51728127486,,,,,,,,,,,,,,,,,,,,,,,,
,,,,,,,-83678.77543464162,,,,,,,,,,,,,,,,,,,,,,,
,,,,,,,,,,-83871.58424732815,,,,,,,,,,,,,,,,,,,,
,,,,,,,,,,,-82275.33668502903,,,,,,,,,,,,,,,,,,,
,,,,,,,,,,,,,-86247.1229428436,,,,,,,,,,,,,,,,,
,,,,,,,,,,,,,,,-86828.69293882235,,,,,,,,,,,,,,,
-83421.18233710597,,,,,,,,,,,,,,,,,,,,,,,,,,,,,,
,,,,,-82297.10847840797,,,,,,,,,,,,,,,,,,,,,,,,,
,,,,,,,,,-82682.79963971708,,,,,,,,,,,,,,,,,,,,,
,,,,-82565.81283210896,,,,,,,,,,,,,,,,,,,,,,,,,,
,,,,,,,,,,,,-84931.31201956554,,,,,,,,,,,,,,,,,,
,,,-84258.56753479397,,,,,,,,,,,,,,,,,,,,,,,,,,,
,,,,,,,,,,,,,,-86256.45220993864,,,,,,,,,,,,,,,,
,,,,,,,,-82620.6711749009,,,,,,,,,,,,,,,,,,,,,,
,-85056.36407426697,,,,,,,,,,,,,,,,,,,,,,,,,,,,,
,,-84647.77715620724,,,,,,,,,,,,,,,,,,,,,,,,,,,,
,,,,,,-90369.19169570571,,,,,,,,,,,,,,,,,,,,,,,,
,,,,,,,-85292.11737903972,,,,,,,,,,,,,,,,,,,,,,,
,,,,,,,,,,-85509.7195119009,,,,,,,,,,,,,,,,,,,,
,,,,,,,,,,,-82239.53249970681,,,,,,,,,,,,,,,,,,,
,,,,,,,,,,,,,-85323.89328910847,,,,,,,,,,,,,,,,,
,,,,,,,,,,,,,,,-86601.0443626461,,,,,,,,,,,,,,,
-82388.40664285685,,,,,,,,,,,,,,,,,,,,,,,,,,,,,,
,,,,,-82729.33213646788,,,,,,,,,,,,,,,,,,,,,,,,,
,,,,,,,,,-88431.55281606803,,,,,,,,,,,,,,,,,,,,,
,,,,-83477.77450969997,,,,,,,,,,,,,,,,,,,,,,,,,,
,,,,,,,,,,,,-86702.99525564458,,,,,,,,,,,,,,,,,,
,,,-84856.5408870217,,,,,,,,,,,,,,,,,,,,,,,,,,,
,,,,,,,,,,,,,,-81581.09457153309,,,,,,,,,,,,,,,,
,,,,,,,,-85747.27083029125,,,,,,,,,,,,,,,,,,,,,,
,-84346.91458532956,,,,,,,,,,,,,,,,,,,,,,,,,,,,,
,,-84702.11915600722,,,,,,,,,,,,,,,,,,,,,,,,,,,,
,,,,,,-84455.81500315576,,,,,,,,,,,,,,,,,,,,,,,,
,,,,,,,-88868.13871314554,,,,,,,,,,,,,,,,,,,,,,,
,,,,,,,,,,-81953.3625891324,,,,,,,,,,,,,,,,,,,,
,,,,,,,,,,,-84732.04693690651,,,,,,,,,,,,,,,,,,,
,,,,,,,,,,,,,-81761.19284719496,,,,,,,,,,,,,,,,,
,,,,,,,,,,,,,,,-81821.42389594947,,,,,,,,,,,,,,,
-86501.85533627322,,,,,,,,,,,,,,,,5.960464477539063e-08,143227285.14375,0.0012131145,0.9949283599853516,100,-0.0006895464927765716,-8.487253708392382,71753600.0,0.2,0.0003,9.1552734375e-06,,,,
,,,,,-83409.06851003328,,,,,,,,,,,,,,,,,,,,,,,,,
,,,,,,,,,-83706.43132205188,,,,,,,,,,,,,,,,,,,,,
,,,,-84862.6205093554,,,,,,,,,,,,,,,,,,,,,,,,,,
,,,,,,,,,,,,-83572.37346293373,,,,,,,,,,,,,,,,,,
,,,-82847.76893807884,,,,,,,,,,,,,,,,,,,,,,,,,,,
,,,,,,,,,,,,,,-87663.51822970079,,,,,,,,,,,,,,,,
,,,,,,,,-87171.41476074686,,,,,,,,,,,,,,,,,,,,,,
,-84923.73306935563,,,,,,,,,,,,,,,,,,,,,,,,,,,,,
,,-84816.78203200214,,,,,,,,,,,,,,,,,,,,,,,,,,,,
,,,,,,-84004.36269396915,,,,,,,,,,,,,,,,,,,,,,,,
,,,,,,,-80085.29117438514,,,,,,,,,,,,,,,,,,,,,,,
,,,,,,,,,,-82954.60996302558,,,,,,,,,,,,,,,,,,,,
,,,,,,,,,,,-79869.01415750575,,,,,,,,,,,,,,,,,,,
,,,,,,,,,,,,,-85844.4961817892,,,,,,,,,,,,,,,,,
,,,,,,,,,,,,,,,-83829.64972229849,,,,,,,,,,,,,,,
,,,,,,,,,,,,,,,,,,,,,,,,,,,0.0,336000,-74642.74808943,102.0
-83662.4422124539,,,,,,,,,,,,,,,,,,,,,,,,,,,,,,
,,,,,-81477.83712687866,,,,,,,,,,,,,,,,,,,,,,,,,
,,,,,,,,,-82534.65467231796,,,,,,,,,,,,,,,,,,,,,
,,,,-85375.05895906176,,,,,,,,,,,,,,,,,,,,,,,,,,
,,,,,,,,,,,,-80738.41175646664,,,,,,,,,,,,,,,,,,
,,,-81237.51348515663,,,,,,,,,,,,,,,,,,,,,,,,,,,
,,,,,,,,,,,,,,-84353.70961648447,,,,,,,,,,,,,,,,
,,,,,,,,-83670.47428681322,,,,,,,,,,,,,,,,,,,,,,
,-82634.07750221583,,,,,,,,,,,,,,,,,,,,,,,,,,,,,
,,-83305.6959358833,,,,,,,,,,,,,,,,,,,,,,,,,,,,
,,,,,,-84135.40714498678,,,,,,,,,,,,,,,,,,,,,,,,
,,,,,,,-83079.5756724059,,,,,,,,,,,,,,,,,,,,,,,
,,,,,,,,,,-80754.68837904539,,,,,,,,,,,,,,,,,,,,
,,,,,,,,,,,-84042.95963262758,,,,,,,,,,,,,,,,,,,
,,,,,,,,,,,,,-81159.98331458811,,,,,,,,,,,,,,,,,
,,,,,,,,,,,,,,,-84352.16814189099,,,,,,,,,,,,,,,
-82588.2337917496,,,,,,,,,,,,,,,,,,,,,,,,,,,,,,
,,,,,-85202.18457553737,,,,,,,,,,,,,,,,,,,,,,,,,
,,,,,,,,,-84288.28191626247,,,,,,,,,,,,,,,,,,,,,
,,,,-85150.04251699713,,,,,,,,,,,,,,,,,,,,,,,,,,
,,,,,,,,,,,,-81464.89951896208,,,,,,,,,,,,,,,,,,
,,,-83767.21600812922,,,,,,,,,,,,,,,,,,,,,,,,,,,
,,,,,,,,,,,,,,-81670.37865822445,,,,,,,,,,,,,,,,
,,,,,,,,-83016.20543815297,,,,,,,,,,,,,,,,,,,,,,
,-82140.826111183,,,,,,,,,,,,,,,,,,,,,,,,,,,,,
,,-82697.68057272868,,,,,,,,,,,,,,,,,,,,,,,,,,,,
,,,,,,-84523.12692005312,,,,,,,,,,,,,,,,,,,,,,,,
,,,,,,,-83163.12383160135,,,,,,,,,,,,,,,,,,,,,,,
,,,,,,,,,,-82984.04403824845,,,,,,,,,,,,,,,,,,,,
,,,,,,,,,,,-83294.68062980934,,,,,,,,,,,,,,,,,,,
,,,,,,,,,,,,,-82112.41067818829,,,,,,,,,,,,,,,,,
,,,,,,,,,,,,,,,-82216.95917188583,,,,,,,,,,,,,,,
-81728.82995693274,,,,,,,,,,,,,,,,,,,,,,,,,,,,,,
,,,,,-84217.95842912458,,,,,,,,,,,,,,,,,,,,,,,,,
,,,,,,,,,-82565.48254298404,,,,,,,,,,,,,,,,,,,,,
,,,,-82915.47300000986,,,,,,,,,,,,,,,,,,,,,,,,,,
,,,,,,,,,,,,-79888.7702834245,,,,,,,,,,,,,,,,,,
,,,-85124.98536909792,,,,,,,,,,,,,,,,,,,,,,,,,,,
,,,,,,,,,,,,,,-83198.47050997081,,,,,,,,,,,,,,,,
,,,,,,,,-81816.15611284497,,,,,,,,,,,,,,,,,,,,,,
,-82677.56783504962,,,,,,,,,,,,,,,,,,,,,,,,,,,,,
,,-81549.51889084742,,,,,,,,,,,,,,,,,,,,,,,,,,,,
,,,,,,-80885.81277632617,,,,,,,,,,,,,,,,,,,,,,,,
,,,,,,,-83979.33861893333,,,,,,,,,,,,,,,,,,,,,,,
,,,,,,,,,,-80677.98959193502,,,,,,,,,,,,,,,,,,,,
,,,,,,,,,,,-84515.91758748169,,,,,,,,,,,,,,,,,,,
,,,,,,,,,,,,,-84068.46159431578,,,,,,,,,,,,,,,,,
,,,,,,,,,,,,,,,-80270.62038653153,,,,,,,,,,,,,,,
-83014.12668248531,,,,,,,,,,,,,,,,0.0,138395398.00625,0.0006895332,0.9948557019233704,110,-0.0003701889206240594,-8.482745270431042,69386176.0,0.2,0.0003,0.0,,,,
,,,,,-79794.31438693285,,,,,,,,,,,,,,,,,,,,,,,,,
,,,,,,,,,-82452.76949248777,,,,,,,,,,,,,,,,,,,,,
,,,,-81469.53077935203,,,,,,,,,,,,,,,,,,,,,,,,,,
,,,,,,,,,,,,-83509.47396577272,,,,,,,,,,,,,,,,,,
,,,-81953.52114641294,,,,,,,,,,,,,,,,,,,,,,,,,,,
,,,,,,-80657.30915687258,,,,,,,,,,,,,,,,,,,,,,,,
,,,,,,,,,,,,,,-79679.10526000342,,,,,,,,,,,,,,,,
,,,,,,,,-80980.14245028063,,,,,,,,,,,,,,,,,,,,,,
,-82152.74925870042,,,,,,,,,,,,,,,,,,,,,,,,,,,,,
,,-80976.66029935297,,,,,,,,,,,,,,,,,,,,,,,,,,,,
,,,,,,,-82708.11498736915,,,,,,,,,,,,,,,,,,,,,,,
,,,,,,,,,,-84844.59850036491,,,,,,,,,,,,,,,,,,,,
,,,,,,,,,,,-81204.95000071598,,,,,,,,,,,,,,,,,,,
,,,,,,,,,,,,,-81583.22027279556,,,,,,,,,,,,,,,,,
,,,,,,,,,,,,,,,-83996.9153742929,,,,,,,,,,,,,,,
-83873.33432194366,,,,,,,,,,,,,,,,,,,,,,,,,,,,,,
,,,,,-83494.45184137535,,,,,,,,,,,,,,,,,,,,,,,,,
,,,,,,,,,-84842.20350712512,,,,,,,,,,,,,,,,,,,,,
,,,,-85008.09510203722,,,,,,,,,,,,,,,,,,,,,,,,,,
,,,,,,,,,,,,-82662.99464705009,,,,,,,,,,,,,,,,,,
,,,-80678.38780704093,,,,,,,,,,,,,,,,,,,,,,,,,,,
,,,,,,-84518.35191806359,,,,,,,,,,,,,,,,,,,,,,,,
,,,,,,,,,,,,,,-81596.83382126197,,,,,,,,,,,,,,,,
,,,,,,,,-81847.31424580005,,,,,,,,,,,,,,,,,,,,,,
,-83021.92223059596,,,,,,,,,,,,,,,,,,,,,,,,,,,,,
,,-85564.58792351607,,,,,,,,,,,,,,,,,,,,,,,,,,,,
,,,,,,,-80336.29134859468,,,,,,,,,,,,,,,,,,,,,,,
,,,,,,,,,,-81133.74042844816,,,,,,,,,,,,,,,,,,,,
,,,,,,,,,,,-82332.35758990007,,,,,,,,,,,,,,,,,,,
,,,,,,,,,,,,,-83406.91177647896,,,,,,,,,,,,,,,,,
,,,,,,,,,,,,,,,-81344.5048210039,,,,,,,,,,,,,,,
-81389.99483032829,,,,,,,,,,,,,,,,,,,,,,,,,,,,,,
,,,,,-84491.10403412432,,,,,,,,,,,,,,,,,,,,,,,,,
,,,,,,,,,-79166.52664466694,,,,,,,,,,,,,,,,,,,,,
,,,,-83907.39445609707,,,,,,,,,,,,,,,,,,,,,,,,,,
,,,,,,,,,,,,-83370.2764738364,,,,,,,,,,,,,,,,,,
,,,-82278.46535597762,,,,,,,,,,,,,,,,,,,,,,,,,,,
,,,,,,-86102.23107898973,,,,,,,,,,,,,,,,,,,,,,,,
,,,,,,,,,,,,,,-82106.59556619353,,,,,,,,,,,,,,,,
,,,,,,,,-81178.7944663055,,,,,,,,,,,,,,,,,,,,,,
,-80954.94775932276,,,,,,,,,,,,,,,,,,,,,,,,,,,,,
,,-85012.28073519527,,,,,,,,,,,,,,,,,,,,,,,,,,,,
,,,,,,,-80003.55320366347,,,,,,,,,,,,,,,,,,,,,,,
,,,,,,,,,,-81697.41847254368,,,,,,,,,,,,,,,,,,,,
,,,,,,,,,,,-82368.7807601281,,,,,,,,,,,,,,,,,,,
,,,,,,,,,,,,,-80511.84909078514,,,,,,,,,,,,,,,,,
,,,,,,,,,,,,,,,-81383.86481392637,,,,,,,,,,,,,,,
,,,,,,,,,,,,,,,,,,,,,,,,,,,0.0,384000,-73434.64203522001,102.0
-81914.89338957286,,,,,,,,,,,,,,,,,,,,,,,,,,,,,,
,,,,,-83168.59195881402,,,,,,,,,,,,,,,,,,,,,,,,,
,,,,,,,,,-82812.40034100316,,,,,,,,,,,,,,,,,,,,,
,,,,-84186.16733075761,,,,,,,,,,,,,,,,,,,,,,,,,,
,,,,,,,,,,,,-84183.1215940892,,,,,,,,,,,,,,,,,,
,,,-81751.85116320908,,,,,,,,,,,,,,,,,,,,,,,,,,,
,,,,,,-79768.12744897163,,,,,,,,,,,,,,,,,,,,,,,,
,,,,,,,,,,,,,,-83406.88842163142,,,,,,,,,,,,,,,,
,,,,,,,,-83876.03469519856,,,,,,,,,,,,,,,,,,,,,,
,-81181.74002794536,,,,,,,,,,,,,,,,,,,,,,,,,,,,,
,,-82617.69643287502,,,,,,,,,,,,,,,,,,,,,,,,,,,,
,,,,,,,-81391.98630279132,,,,,,,,,,,,,,,,,,,,,,,
,,,,,,,,,,-84569.05155208595,,,,,,,,,,,,,,,,,,,,
,,,,,,,,,,,-85742.20233302123,,,,,,,,,,,,,,,,,,,
,,,,,,,,,,,,,-83159.01897171892,,,,,,,,,,,,,,,,,
,,,,,,,,,,,,,,,-81056.5402516177,,,,,,,,,,,,,,,
-79978.17462880585,,,,,,,,,,,,,,,,-1.1920928955078125e-07,135597056.24375,0.0018451082,0.9952060580253601,120,-0.0009949458979463088,-8.483697259426117,67893064.0,0.2,0.0003,0.0002227783203125,,,,
,,,,,-80047.39445468625,,,,,,,,,,,,,,,,,,,,,,,,,
,,,,,,,,,-79853.8304679121,,,,,,,,,,,,,,,,,,,,,
,,,,-78869.63486331061,,,,,,,,,,,,,,,,,,,,,,,,,,
,,,,,,,,,,,,-81180.28652054133,,,,,,,,,,,,,,,,,,
,,,-81511.25157510847,,,,,,,,,,,,,,,,,,,,,,,,,,,
,,,,,,-82496.554830597,,,,,,,,,,,,,,,,,,,,,,,,
,,,,,,,,,,,,,,-81747.9692528169,,,,,,,,,,,,,,,,
,,,,,,,,-83179.87496029092,,,,,,,,,,,,,,,,,,,,,,
,-82799.70417687009,,,,,,,,,,,,,,,,,,,,,,,,,,,,,
,,-80339.46073293273,,,,,,,,,,,,,,,,,,,,,,,,,,,,
,,,,,,,-79194.70102466697,,,,,,,,,,,,,,,,,,,,,,,
,,,,,,,,,,-84040.12975081112,,,,,,,,,,,,,,,,,,,,
,,,,,,,,,,,-82382.96399883582,,,,,,,,,,,,,,,,,,,
,,,,,,,,,,,,,-82790.05313473383,,,,,,,,,,,,,,,,,
,,,,,,,,,,,,,,,-83957.28034795723,,,,,,,,,,,,,,,
-81988.34240411242,,,,,,,,,,,,,,,,,,,,,,,,,,,,,,
,,,,,-80545.54042942537,,,,,,,,,,,,,,,,,,,,,,,,,
,,,,,,,,,-79168.07509546734,,,,,,,,,,,,,,,,,,,,,
,,,,-80551.40060054247,,,,,,,,,,,,,,,,,,,,,,,,,,
,,,,,,,,,,,,-79472.84822556327,,,,,,,,,,,,,,,,,,
,,,-81216.27711390585,,,,,,,,,,,,,,,,,,,,,,,,,,,
,,,,,,-80503.01874002154,,,,,,,,,,,,,,,,,,,,,,,,
,,,,,,,,,,,,,,-79362.50089864785,,,,,,,,,,,,,,,,
,,,,,,,,-79472.98449793234,,,,,,,,,,,,,,,,,,,,,,
,-81595.66792633139,,,,,,,,,,,,,,,,,,,,,,,,,,,,,
,,-80555.2202617918,,,,,,,,,,,,,,,,,,,,,,,,,,,,
,,,,,,,-78452.04874686488,,,,,,,,,,,,,,,,,,,,,,,
,,,,,,,,,,-80124.40251379921,,,,,,,,,,,,,,,,,,,,
,,,,,,,,,,,-78685.13158000917,,,,,,,,,,,,,,,,,,,
,,,,,,,,,,,,,-81154.26377007345,,,,,,,,,,,,,,,,,
,,,,,,,,,,,,,,,-80412.7430908261,,,,,,,,,,,,,,,
-80996.6233291156,,,,,,,,,,,,,,,,,,,,,,,,,,,,,,
,,,,,-78751.52334071885,,,,,,,,,,,,,,,,,,,,,,,,,
,,,,,,,,,-81520.41916851513,,,,,,,,,,,,,,,,,,,,,
,,,,-79456.85277689827,,,,,,,,,,,,,,,,,,,,,,,,,,
,,,,,,,,,,,,-81454.14436025213,,,,,,,,,,,,,,,,,,
,,,-78302.73913952266,,,,,,,,,,,,,,,,,,,,,,,,,,,
,,,,,,-80606.72392643716,,,,,,,,,,,,,,,,,,,,,,,,
,,,,,,,,,,,,,,-79771.79612762296,,,,,,,,,,,,,,,,
,,,,,,,,-81997.51172561638,,,,,,,,,,,,,,,,,,,,,,
,-79763.2606308193,,,,,,,,,,,,,,,,,,,,,,,,,,,,,
,,-76195.32258561543,,,,,,,,,,,,,,,,,,,,,,,,,,,,
,,,,,,,-82004.26331857507,,,,,,,,,,,,,,,,,,,,,,,
,,,,,,,,,,-80108.07885546763,,,,,,,,,,,,,,,,,,,,
,,,,,,,,,,,-82798.64394075927,,,,,,,,,,,,,,,,,,,
,,,,,,,,,,,,,-81581.15887865912,,,,,,,,,,,,,,,,,
,,,,,,,,,,,,,,,-82001.81495511965,,,,,,,,,,,,,,,
-79711.19709991728,,,,,,,,,,,,,,,,,,,,,,,,,,,,,,
,,,,,-76588.28300645317,,,,,,,,,,,,,,,,,,,,,,,,,
,,,,,,,,,-78866.19123952152,,,,,,,,,,,,,,,,,,,,,
,,,,-82129.8097881242,,,,,,,,,,,,,,,,,,,,,,,,,,
,,,,,,,,,,,,-78911.82935449328,,,,,,,,,,,,,,,,,,
,,,-79782.2816982661,,,,,,,,,,,,,,,,,,,,,,,,,,,
,,,,,,-80040.60330146532,,,,,,,,,,,,,,,,,,,,,,,,
,,,,,,,,,,,,,,-80674.6010617039,,,,,,,,,,,,,,,,
,,,,,,,,-81370.99776184118,,,,,,,,,,,,,,,,,,,,,,
,-78244.88858250117,,,,,,,,,,,,,,,,,,,,,,,,,,,,,
,,-82659.32138332007,,,,,,,,,,,,,,,,,,,,,,,,,,,,
,,,,,,,-81482.45865899845,,,,,,,,,,,,,,,,,,,,,,,
,,,,,,,,,,-80153.41699181189,,,,,,,,,,,,,,,,,,,,
,,,,,,,,,,,-80957.76958297091,,,,,,,,,,,,,,,,,,,
,,,,,,,,,,,,,-80016.72586466334,,,,,,,,,,,,,,,,,
,,,,,,,,,,,,,,,-81869.52783767418,,,,,,,,,,,,,,,
